[{"model": "admin.logentry", "pk": 1, "fields": {"action_time": "2023-08-08T04:24:04.246Z", "user": 1, "content_type": null, "object_id": "1", "object_repr": "VlaDDoS", "action_flag": 1, "change_message": "[{\"added\": {}}]"}}, {"model": "admin.logentry", "pk": 2, "fields": {"action_time": "2023-08-08T04:24:15.588Z", "user": 1, "content_type": null, "object_id": "2", "object_repr": "Транспорт", "action_flag": 1, "change_message": "[{\"added\": {}}]"}}, {"model": "admin.logentry", "pk": 3, "fields": {"action_time": "2023-08-08T04:24:23.224Z", "user": 1, "content_type": null, "object_id": "3", "object_repr": "Недвижимость", "action_flag": 1, "change_message": "[{\"added\": {}}]"}}, {"model": "admin.logentry", "pk": 4, "fields": {"action_time": "2023-08-11T08:41:45.201Z", "user": 1, "content_type": null, "object_id": "16", "object_repr": "Объявление: Семена конопли (Тканевой)", "action_flag": 1, "change_message": "[{\"added\": {}}]"}}, {"model": "admin.logentry", "pk": 5, "fields": {"action_time": "2023-08-23T11:27:24.757Z", "user": 1, "content_type": null, "object_id": "2", "object_repr": "Genadyi@", "action_flag": 2, "change_message": "[{\"changed\": {\"fields\": [\"password\"]}}]"}}, {"model": "admin.logentry", "pk": 6, "fields": {"action_time": "2023-08-24T11:36:40.089Z", "user": 1, "content_type": null, "object_id": "1", "object_repr": "Управление пользователями", "action_flag": 1, "change_message": "[{\"added\": {}}]"}}, {"model": "admin.logentry", "pk": 7, "fields": {"action_time": "2023-08-24T11:37:29.034Z", "user": 1, "content_type": null, "object_id": "1", "object_repr": "admin", "action_flag": 2, "change_message": "[{\"changed\": {\"fields\": [\"First name\", \"Last name\", \"Groups\"]}}]"}}, {"model": "auth.permission", "pk": 1, "fields": {"name": "Can add log entry", "content_type": 1, "codename": "add_logentry"}}, {"model": "auth.permission", "pk": 2, "fields": {"name": "Can change log entry", "content_type": 1, "codename": "change_logentry"}}, {"model": "auth.permission", "pk": 3, "fields": {"name": "Can delete log entry", "content_type": 1, "codename": "delete_logentry"}}, {"model": "auth.permission", "pk": 4, "fields": {"name": "Can view log entry", "content_type": 1, "codename": "view_logentry"}}, {"model": "auth.permission", "pk": 5, "fields": {"name": "Can add permission", "content_type": 2, "codename": "add_permission"}}, {"model": "auth.permission", "pk": 6, "fields": {"name": "Can change permission", "content_type": 2, "codename": "change_permission"}}, {"model": "auth.permission", "pk": 7, "fields": {"name": "Can delete permission", "content_type": 2, "codename": "delete_permission"}}, {"model": "auth.permission", "pk": 8, "fields": {"name": "Can view permission", "content_type": 2, "codename": "view_permission"}}, {"model": "auth.permission", "pk": 9, "fields": {"name": "Can add group", "content_type": 3, "codename": "add_group"}}, {"model": "auth.permission", "pk": 10, "fields": {"name": "Can change group", "content_type": 3, "codename": "change_group"}}, {"model": "auth.permission", "pk": 11, "fields": {"name": "Can delete group", "content_type": 3, "codename": "delete_group"}}, {"model": "auth.permission", "pk": 12, "fields": {"name": "Can view group", "content_type": 3, "codename": "view_group"}}, {"model": "auth.permission", "pk": 13, "fields": {"name": "Can add user", "content_type": 4, "codename": "add_user"}}, {"model": "auth.permission", "pk": 14, "fields": {"name": "Can change user", "content_type": 4, "codename": "change_user"}}, {"model": "auth.permission", "pk": 15, "fields": {"name": "Can delete user", "content_type": 4, "codename": "delete_user"}}, {"model": "auth.permission", "pk": 16, "fields": {"name": "Can view user", "content_type": 4, "codename": "view_user"}}, {"model": "auth.permission", "pk": 17, "fields": {"name": "Can add content type", "content_type": 5, "codename": "add_contenttype"}}, {"model": "auth.permission", "pk": 18, "fields": {"name": "Can change content type", "content_type": 5, "codename": "change_contenttype"}}, {"model": "auth.permission", "pk": 19, "fields": {"name": "Can delete content type", "content_type": 5, "codename": "delete_contenttype"}}, {"model": "auth.permission", "pk": 20, "fields": {"name": "Can view content type", "content_type": 5, "codename": "view_contenttype"}}, {"model": "auth.permission", "pk": 21, "fields": {"name": "Can add session", "content_type": 6, "codename": "add_session"}}, {"model": "auth.permission", "pk": 22, "fields": {"name": "Can change session", "content_type": 6, "codename": "change_session"}}, {"model": "auth.permission", "pk": 23, "fields": {"name": "Can delete session", "content_type": 6, "codename": "delete_session"}}, {"model": "auth.permission", "pk": 24, "fields": {"name": "Can view session", "content_type": 6, "codename": "view_session"}}, {"model": "auth.permission", "pk": 25, "fields": {"name": "Can add captcha store", "content_type": 7, "codename": "add_captchastore"}}, {"model": "auth.permission", "pk": 26, "fields": {"name": "Can change captcha store", "content_type": 7, "codename": "change_captchastore"}}, {"model": "auth.permission", "pk": 27, "fields": {"name": "Can delete captcha store", "content_type": 7, "codename": "delete_captchastore"}}, {"model": "auth.permission", "pk": 28, "fields": {"name": "Can view captcha store", "content_type": 7, "codename": "view_captchastore"}}, {"model": "auth.permission", "pk": 29, "fields": {"name": "Can add Киоск с мороженным", "content_type": 8, "codename": "add_icecreamkiosk"}}, {"model": "auth.permission", "pk": 30, "fields": {"name": "Can change Киоск с мороженным", "content_type": 8, "codename": "change_icecreamkiosk"}}, {"model": "auth.permission", "pk": 31, "fields": {"name": "Can delete Киоск с мороженным", "content_type": 8, "codename": "delete_icecreamkiosk"}}, {"model": "auth.permission", "pk": 32, "fields": {"name": "Can view Киоск с мороженным", "content_type": 8, "codename": "view_icecreamkiosk"}}, {"model": "auth.permission", "pk": 33, "fields": {"name": "Can add Родитель", "content_type": 9, "codename": "add_parent"}}, {"model": "auth.permission", "pk": 34, "fields": {"name": "Can change Родитель", "content_type": 9, "codename": "change_parent"}}, {"model": "auth.permission", "pk": 35, "fields": {"name": "Can delete Родитель", "content_type": 9, "codename": "delete_parent"}}, {"model": "auth.permission", "pk": 36, "fields": {"name": "Can view Родитель", "content_type": 9, "codename": "view_parent"}}, {"model": "auth.permission", "pk": 37, "fields": {"name": "Can add Рубрика", "content_type": 10, "codename": "add_rubric"}}, {"model": "auth.permission", "pk": 38, "fields": {"name": "Can change Рубрика", "content_type": 10, "codename": "change_rubric"}}, {"model": "auth.permission", "pk": 39, "fields": {"name": "Can delete Рубрика", "content_type": 10, "codename": "delete_rubric"}}, {"model": "auth.permission", "pk": 40, "fields": {"name": "Can view Рубрика", "content_type": 10, "codename": "view_rubric"}}, {"model": "auth.permission", "pk": 41, "fields": {"name": "Can add Мороженое", "content_type": 11, "codename": "add_icecream"}}, {"model": "auth.permission", "pk": 42, "fields": {"name": "Can change Мороженое", "content_type": 11, "codename": "change_icecream"}}, {"model": "auth.permission", "pk": 43, "fields": {"name": "Can delete Мороженое", "content_type": 11, "codename": "delete_icecream"}}, {"model": "auth.permission", "pk": 44, "fields": {"name": "Can view Мороженое", "content_type": 11, "codename": "view_icecream"}}, {"model": "auth.permission", "pk": 45, "fields": {"name": "Can add Ребёнок", "content_type": 12, "codename": "add_child"}}, {"model": "auth.permission", "pk": 46, "fields": {"name": "Can change Ребёнок", "content_type": 12, "codename": "change_child"}}, {"model": "auth.permission", "pk": 47, "fields": {"name": "Can delete Ребёнок", "content_type": 12, "codename": "delete_child"}}, {"model": "auth.permission", "pk": 48, "fields": {"name": "Can view Ребёнок", "content_type": 12, "codename": "view_child"}}, {"model": "auth.permission", "pk": 49, "fields": {"name": "Can add Объявление", "content_type": 13, "codename": "add_bb"}}, {"model": "auth.permission", "pk": 50, "fields": {"name": "Can change Объявление", "content_type": 13, "codename": "change_bb"}}, {"model": "auth.permission", "pk": 51, "fields": {"name": "Can delete Объявление", "content_type": 13, "codename": "delete_bb"}}, {"model": "auth.permission", "pk": 52, "fields": {"name": "Can view Объявление", "content_type": 13, "codename": "view_bb"}}, {"model": "auth.permission", "pk": 53, "fields": {"name": "Can add doctor", "content_type": 14, "codename": "add_doctor"}}, {"model": "auth.permission", "pk": 54, "fields": {"name": "Can change doctor", "content_type": 14, "codename": "change_doctor"}}, {"model": "auth.permission", "pk": 55, "fields": {"name": "Can delete doctor", "content_type": 14, "codename": "delete_doctor"}}, {"model": "auth.permission", "pk": 56, "fields": {"name": "Can view doctor", "content_type": 14, "codename": "view_doctor"}}, {"model": "auth.permission", "pk": 57, "fields": {"name": "Can add hospital", "content_type": 15, "codename": "add_hospital"}}, {"model": "auth.permission", "pk": 58, "fields": {"name": "Can change hospital", "content_type": 15, "codename": "change_hospital"}}, {"model": "auth.permission", "pk": 59, "fields": {"name": "Can delete hospital", "content_type": 15, "codename": "delete_hospital"}}, {"model": "auth.permission", "pk": 60, "fields": {"name": "Can view hospital", "content_type": 15, "codename": "view_hospital"}}, {"model": "auth.permission", "pk": 61, "fields": {"name": "Can add kit", "content_type": 16, "codename": "add_kit"}}, {"model": "auth.permission", "pk": 62, "fields": {"name": "Can change kit", "content_type": 16, "codename": "change_kit"}}, {"model": "auth.permission", "pk": 63, "fields": {"name": "Can delete kit", "content_type": 16, "codename": "delete_kit"}}, {"model": "auth.permission", "pk": 64, "fields": {"name": "Can view kit", "content_type": 16, "codename": "view_kit"}}, {"model": "auth.permission", "pk": 65, "fields": {"name": "Can add spare", "content_type": 17, "codename": "add_spare"}}, {"model": "auth.permission", "pk": 66, "fields": {"name": "Can change spare", "content_type": 17, "codename": "change_spare"}}, {"model": "auth.permission", "pk": 67, "fields": {"name": "Can delete spare", "content_type": 17, "codename": "delete_spare"}}, {"model": "auth.permission", "pk": 68, "fields": {"name": "Can view spare", "content_type": 17, "codename": "view_spare"}}, {"model": "auth.permission", "pk": 69, "fields": {"name": "Can add rev rubric", "content_type": 18, "codename": "add_revrubric"}}, {"model": "auth.permission", "pk": 70, "fields": {"name": "Can change rev rubric", "content_type": 18, "codename": "change_revrubric"}}, {"model": "auth.permission", "pk": 71, "fields": {"name": "Can delete rev rubric", "content_type": 18, "codename": "delete_revrubric"}}, {"model": "auth.permission", "pk": 72, "fields": {"name": "Can view rev rubric", "content_type": 18, "codename": "view_revrubric"}}, {"model": "auth.permission", "pk": 73, "fields": {"name": "Can add work", "content_type": 19, "codename": "add_work"}}, {"model": "auth.permission", "pk": 74, "fields": {"name": "Can change work", "content_type": 19, "codename": "change_work"}}, {"model": "auth.permission", "pk": 75, "fields": {"name": "Can delete work", "content_type": 19, "codename": "delete_work"}}, {"model": "auth.permission", "pk": 76, "fields": {"name": "Can view work", "content_type": 19, "codename": "view_work"}}, {"model": "auth.permission", "pk": 77, "fields": {"name": "Can add sms", "content_type": 20, "codename": "add_sms"}}, {"model": "auth.permission", "pk": 78, "fields": {"name": "Can change sms", "content_type": 20, "codename": "change_sms"}}, {"model": "auth.permission", "pk": 79, "fields": {"name": "Can delete sms", "content_type": 20, "codename": "delete_sms"}}, {"model": "auth.permission", "pk": 80, "fields": {"name": "Can view sms", "content_type": 20, "codename": "view_sms"}}, {"model": "auth.permission", "pk": 81, "fields": {"name": "Can add private message", "content_type": 21, "codename": "add_privatemessage"}}, {"model": "auth.permission", "pk": 82, "fields": {"name": "Can change private message", "content_type": 21, "codename": "change_privatemessage"}}, {"model": "auth.permission", "pk": 83, "fields": {"name": "Can delete private message", "content_type": 21, "codename": "delete_privatemessage"}}, {"model": "auth.permission", "pk": 84, "fields": {"name": "Can view private message", "content_type": 21, "codename": "view_privatemessage"}}, {"model": "auth.permission", "pk": 85, "fields": {"name": "Can add note", "content_type": 22, "codename": "add_note"}}, {"model": "auth.permission", "pk": 86, "fields": {"name": "Can change note", "content_type": 22, "codename": "change_note"}}, {"model": "auth.permission", "pk": 87, "fields": {"name": "Can delete note", "content_type": 22, "codename": "delete_note"}}, {"model": "auth.permission", "pk": 88, "fields": {"name": "Can view note", "content_type": 22, "codename": "view_note"}}, {"model": "auth.permission", "pk": 89, "fields": {"name": "Can add machine", "content_type": 23, "codename": "add_machine"}}, {"model": "auth.permission", "pk": 90, "fields": {"name": "Can change machine", "content_type": 23, "codename": "change_machine"}}, {"model": "auth.permission", "pk": 91, "fields": {"name": "Can delete machine", "content_type": 23, "codename": "delete_machine"}}, {"model": "auth.permission", "pk": 92, "fields": {"name": "Can view machine", "content_type": 23, "codename": "view_machine"}}, {"model": "auth.permission", "pk": 93, "fields": {"name": "Can add adv user", "content_type": 24, "codename": "add_advuser"}}, {"model": "auth.permission", "pk": 94, "fields": {"name": "Can change adv user", "content_type": 24, "codename": "change_advuser"}}, {"model": "auth.permission", "pk": 95, "fields": {"name": "Can delete adv user", "content_type": 24, "codename": "delete_advuser"}}, {"model": "auth.permission", "pk": 96, "fields": {"name": "Can view adv user", "content_type": 24, "codename": "view_advuser"}}, {"model": "auth.permission", "pk": 97, "fields": {"name": "Can add Мой Пользователь", "content_type": 25, "codename": "add_myuser"}}, {"model": "auth.permission", "pk": 98, "fields": {"name": "Can change Мой Пользователь", "content_type": 25, "codename": "change_myuser"}}, {"model": "auth.permission", "pk": 99, "fields": {"name": "Can delete Мой Пользователь", "content_type": 25, "codename": "delete_myuser"}}, {"model": "auth.permission", "pk": 100, "fields": {"name": "Can view Мой Пользователь", "content_type": 25, "codename": "view_myuser"}}, {"model": "auth.permission", "pk": 101, "fields": {"name": "Can add BBCode tag", "content_type": 26, "codename": "add_bbcodetag"}}, {"model": "auth.permission", "pk": 102, "fields": {"name": "Can change BBCode tag", "content_type": 26, "codename": "change_bbcodetag"}}, {"model": "auth.permission", "pk": 103, "fields": {"name": "Can delete BBCode tag", "content_type": 26, "codename": "delete_bbcodetag"}}, {"model": "auth.permission", "pk": 104, "fields": {"name": "Can view BBCode tag", "content_type": 26, "codename": "view_bbcodetag"}}, {"model": "auth.permission", "pk": 105, "fields": {"name": "Can add Smiley", "content_type": 27, "codename": "add_smileytag"}}, {"model": "auth.permission", "pk": 106, "fields": {"name": "Can change Smiley", "content_type": 27, "codename": "change_smileytag"}}, {"model": "auth.permission", "pk": 107, "fields": {"name": "Can delete Smiley", "content_type": 27, "codename": "delete_smileytag"}}, {"model": "auth.permission", "pk": 108, "fields": {"name": "Can view Smiley", "content_type": 27, "codename": "view_smileytag"}}, {"model": "auth.permission", "pk": 109, "fields": {"name": "Can add Изображение", "content_type": 28, "codename": "add_img"}}, {"model": "auth.permission", "pk": 110, "fields": {"name": "Can change Изображение", "content_type": 28, "codename": "change_img"}}, {"model": "auth.permission", "pk": 111, "fields": {"name": "Can delete Изображение", "content_type": 28, "codename": "delete_img"}}, {"model": "auth.permission", "pk": 112, "fields": {"name": "Can view Изображение", "content_type": 28, "codename": "view_img"}}, {"model": "auth.group", "pk": 1, "fields": {"name": "Управление пользователями", "permissions": []}}, {"model": "auth.user", "pk": 1, "fields": {"password": "pbkdf2_sha256$600000$HtxIV1iYhRaq1XhpMDV89X$p38K7N/TzA5KTHLswcMgFGOg/YYawQqE4dxk1YyMq8E=", "last_login": "2023-09-04T10:51:52.449Z", "is_superuser": true, "username": "admin", "first_name": "Vlad", "last_name": "Che", "email": "vlad1010che@gmail.com", "is_staff": true, "is_active": true, "date_joined": "2023-05-17T11:32:35Z", "groups": [1], "user_permissions": []}}, {"model": "auth.user", "pk": 2, "fields": {"password": "pbkdf2_sha256$600000$YiXlZ538qbwhxLElfOmMLj$xI9GSyeZH5NGSnxc0Jilo8D5Xs8b1y1hy2If+QysqCI=", "last_login": "2023-08-23T11:27:44.849Z", "is_superuser": false, "username": "Genadyi@", "first_name": "Gena", "last_name": "Gennadyi", "email": "gena3@gama.lych", "is_staff": false, "is_active": true, "date_joined": "2023-08-16T11:11:16.939Z", "groups": [], "user_permissions": []}}, {"model": "contenttypes.contenttype", "pk": 1, "fields": {"app_label": "admin", "model": "logentry"}}, {"model": "contenttypes.contenttype", "pk": 2, "fields": {"app_label": "auth", "model": "permission"}}, {"model": "contenttypes.contenttype", "pk": 3, "fields": {"app_label": "auth", "model": "group"}}, {"model": "contenttypes.contenttype", "pk": 4, "fields": {"app_label": "auth", "model": "user"}}, {"model": "contenttypes.contenttype", "pk": 5, "fields": {"app_label": "contenttypes", "model": "contenttype"}}, {"model": "contenttypes.contenttype", "pk": 6, "fields": {"app_label": "sessions", "model": "session"}}, {"model": "contenttypes.contenttype", "pk": 7, "fields": {"app_label": "captcha", "model": "captchastore"}}, {"model": "contenttypes.contenttype", "pk": 8, "fields": {"app_label": "bboard", "model": "icecreamkiosk"}}, {"model": "contenttypes.contenttype", "pk": 9, "fields": {"app_label": "bboard", "model": "parent"}}, {"model": "contenttypes.contenttype", "pk": 10, "fields": {"app_label": "bboard", "model": "rubric"}}, {"model": "contenttypes.contenttype", "pk": 11, "fields": {"app_label": "bboard", "model": "icecream"}}, {"model": "contenttypes.contenttype", "pk": 12, "fields": {"app_label": "bboard", "model": "child"}}, {"model": "contenttypes.contenttype", "pk": 13, "fields": {"app_label": "bboard", "model": "bb"}}, {"model": "contenttypes.contenttype", "pk": 14, "fields": {"app_label": "testapp", "model": "doctor"}}, {"model": "contenttypes.contenttype", "pk": 15, "fields": {"app_label": "testapp", "model": "hospital"}}, {"model": "contenttypes.contenttype", "pk": 16, "fields": {"app_label": "testapp", "model": "kit"}}, {"model": "contenttypes.contenttype", "pk": 17, "fields": {"app_label": "testapp", "model": "spare"}}, {"model": "contenttypes.contenttype", "pk": 18, "fields": {"app_label": "testapp", "model": "revrubric"}}, {"model": "contenttypes.contenttype", "pk": 19, "fields": {"app_label": "testapp", "model": "work"}}, {"model": "contenttypes.contenttype", "pk": 20, "fields": {"app_label": "testapp", "model": "sms"}}, {"model": "contenttypes.contenttype", "pk": 21, "fields": {"app_label": "testapp", "model": "privatemessage"}}, {"model": "contenttypes.contenttype", "pk": 22, "fields": {"app_label": "testapp", "model": "note"}}, {"model": "contenttypes.contenttype", "pk": 23, "fields": {"app_label": "testapp", "model": "machine"}}, {"model": "contenttypes.contenttype", "pk": 24, "fields": {"app_label": "testapp", "model": "advuser"}}, {"model": "contenttypes.contenttype", "pk": 25, "fields": {"app_label": "authapp", "model": "myuser"}}, {"model": "contenttypes.contenttype", "pk": 26, "fields": {"app_label": "precise_bbcode", "model": "bbcodetag"}}, {"model": "contenttypes.contenttype", "pk": 27, "fields": {"app_label": "precise_bbcode", "model": "smileytag"}}, {"model": "contenttypes.contenttype", "pk": 28, "fields": {"app_label": "testapp", "model": "img"}}, {"model": "sessions.session", "pk": "awewejhjf121bstmlvnnu5lgbgtsrapr", "fields": {"session_data": ".eJxVjMsOwiAQRf-FtSEMj-K4dN9vIDADUjU0Ke3K-O_apAvd3nPOfYkQt7WGreclTCwuAsTpd0uRHrntgO-x3WZJc1uXKcldkQftcpw5P6-H-3dQY6_fmqJVHgYG57wqbBKDKkXrgglYZwvGIKVszwkHbZXzrAHRWpMjkiIS7w_YyTeT:1qd7BQ:rQZ8fu6Ga1eOJWCJqgEzPwUHqhtiYziY4WakqOpDBzM", "expire_date": "2023-09-18T10:51:52.491Z"}}, {"model": "sessions.session", "pk": "o80yn4yszrnvxuutem0juozmufkon1tj", "fields": {"session_data": ".eJxVjDsOwjAQBe_iGlnY8W8p6XMGa-1d4wBypDipEHeHSCmgfTPzXiLitta4dV7iROIilDj9bgnzg9sO6I7tNss8t3WZktwVedAux5n4eT3cv4OKvX7rROQVJlcSaDCegwrAeCbQXlMgDYVJDwUMWDLBJofIeshMRRnrMov3B_08OK8:1qTE7O:w2rPfyk_a09PXbttBGZv22B15eBXyIa7Jys8ggI8QZ8", "expire_date": "2023-08-22T04:14:50.385Z"}}, {"model": "sessions.session", "pk": "tvfjyaraunop3v77fbshmi62nf2ri9f9", "fields": {"session_data": ".eJxVjDsOwjAQBe_iGlnY8W8p6XMGa-1d4wBypDipEHeHSCmgfTPzXiLitta4dV7iROIilDj9bgnzg9sO6I7tNss8t3WZktwVedAux5n4eT3cv4OKvX7rROQVJlcSaDCegwrAeCbQXlMgDYVJDwUMWDLBJofIeshMRRnrMov3B_08OK8:1qYkzG:mG23SrBo-oJ8kpABaiKbW7jIp949iBuYg2_oEeUdZjY", "expire_date": "2023-09-06T10:21:18.199Z"}}, {"model": "sessions.session", "pk": "ul6fg93baf5zm80q1cvg409pu6a0fmo6", "fields": {"session_data": ".eJxVjMsOwiAQRf-FtSEMj-K4dN9vIDADUjU0Ke3K-O_apAvd3nPOfYkQt7WGreclTCwuAsTpd0uRHrntgO-x3WZJc1uXKcldkQftcpw5P6-H-3dQY6_fmqJVHgYG57wqbBKDKkXrgglYZwvGIKVszwkHbZXzrAHRWpMjkiIS7w_YyTeT:1qdr2r:jCgdo_xioJobW1V09FXoDxxt0ybi47IKbCtls_JGUSk", "expire_date": "2023-09-20T11:50:05.308Z"}}, {"model": "sessions.session", "pk": "ydv3f29xirn16i8hnqmov4hc4r9itmgw", "fields": {"session_data": ".eJxVjDsOwjAQBe_iGlnY8W8p6XMGa-1d4wBypDipEHeHSCmgfTPzXiLitta4dV7iROIilDj9bgnzg9sO6I7tNss8t3WZktwVedAux5n4eT3cv4OKvX7rROQVJlcSaDCegwrAeCbQXlMgDYVJDwUMWDLBJofIeshMRRnrMov3B_08OK8:1qBvdw:YjIxUOY1gG8mQzRexci9T42VUR2nqwlgUBwAsKNw3TA", "expire_date": "2023-07-05T11:04:56.319Z"}}, {"model": "sessions.session", "pk": "za1g3bkpb67r6kgp4cokwl0sdmep3pdq", "fields": {"session_data": ".eJxVjDsOwjAQBe_iGlnY8W8p6XMGa-1d4wBypDipEHeHSCmgfTPzXiLitta4dV7iROIilDj9bgnzg9sO6I7tNss8t3WZktwVedAux5n4eT3cv4OKvX7rROQVJlcSaDCegwrAeCbQXlMgDYVJDwUMWDLBJofIeshMRRnrMov3B_08OK8:1qGzLt:W8-z6ONcP57q2GnT3_p34Ly4DtOWmoGuMGVY4hAk_PM", "expire_date": "2023-07-19T10:03:13.520Z"}}, {"model": "captcha.captchastore", "pk": 2, "fields": {"challenge": "IQQU", "response": "iqqu", "hashkey": "069d5211872ea04d06293ff06b632e2fb16b3ce5", "expiration": "2023-09-04T10:58:30.876Z"}}, {"model": "captcha.captchastore", "pk": 4, "fields": {"challenge": "MJAM", "response": "mjam", "hashkey": "1b5fcb6c53aa1adbf6e55276e03a06c8b46ae0fc", "expiration": "2023-09-04T11:02:06.865Z"}}, {"model": "captcha.captchastore", "pk": 5, "fields": {"challenge": "ÈÙÉÖ", "response": "èùéö", "hashkey": "de06da80e77dc6f5f14d1e9fc9265920ea686e52", "expiration": "2023-09-04T11:04:57.348Z"}}, {"model": "captcha.captchastore", "pk": 6, "fields": {"challenge": "3+6=", "response": "9", "hashkey": "74b52b80dde155ff8652e6a65ef379424bfd53e6", "expiration": "2023-09-04T11:12:41.686Z"}}, {"model": "captcha.captchastore", "pk": 7, "fields": {"challenge": "1+8=", "response": "9", "hashkey": "08034bed8ca5c55d7d6b7ded465f13481ed16f24", "expiration": "2023-09-04T11:14:22.454Z"}}, {"model": "captcha.captchastore", "pk": 8, "fields": {"challenge": "6+3=", "response": "9", "hashkey": "5463ffaefbb3ad2d64deb9625d0e9df832378741", "expiration": "2023-09-04T11:16:52.634Z"}}, {"model": "captcha.captchastore", "pk": 9, "fields": {"challenge": "4-1=", "response": "3", "hashkey": "1d21d4d219b1982c1983ce76f0e62266b6c983ea", "expiration": "2023-09-11T09:54:55.819Z"}}, {"model": "captcha.captchastore", "pk": 10, "fields": {"challenge": "5*9=", "response": "45", "hashkey": "c21a95c9166b3f9913d4e1e1aad5bd540718fbc1", "expiration": "2023-09-11T10:01:12.792Z"}}, {"model": "captcha.captchastore", "pk": 11, "fields": {"challenge": "2+9=", "response": "11", "hashkey": "882f2ac2237850d6bf5afee31ad6d4196f0a7704", "expiration": "2023-09-11T10:04:14.310Z"}}, {"model": "captcha.captchastore", "pk": 12, "fields": {"challenge": "6*2=", "response": "12", "hashkey": "9fc3a2b5acaab0e07fdb3a52f1e715e9ead706af", "expiration": "2023-09-11T10:05:43.479Z"}}, {"model": "captcha.captchastore", "pk": 13, "fields": {"challenge": "6*3=", "response": "18", "hashkey": "5ed141da240ab469272cca19244d2a1fcf7b7eda", "expiration": "2023-09-11T10:05:49.518Z"}}, {"model": "captcha.captchastore", "pk": 14, "fields": {"challenge": "1+4=", "response": "5", "hashkey": "0ec72e7980ca83acf7e91d67357d92f9ef4311c1", "expiration": "2023-09-11T10:05:55.561Z"}}, {"model": "captcha.captchastore", "pk": 15, "fields": {"challenge": "9*8=", "response": "72", "hashkey": "14734efaed7daa02f0a1be5c22bf9b42f0fc0448", "expiration": "2023-09-11T10:07:03.644Z"}}, {"model": "captcha.captchastore", "pk": 16, "fields": {"challenge": "6*5=", "response": "30", "hashkey": "2e01e4ea1d5c7017709b2671f4314112f94d5be0", "expiration": "2023-09-11T10:08:06.802Z"}}, {"model": "captcha.captchastore", "pk": 17, "fields": {"challenge": "9*10=", "response": "90", "hashkey": "845ea6932a0f09aa65b2cf3b2481080b5854b230", "expiration": "2023-09-11T10:21:45.556Z"}}, {"model": "captcha.captchastore", "pk": 18, "fields": {"challenge": "8-7=", "response": "1", "hashkey": "4a65cc75b7ba9eb103fdc324f2908d3a7aedcfbd", "expiration": "2023-09-18T10:39:36.205Z"}}, {"model": "bboard.rubric", "pk": 1, "fields": {"name": "Недвижимость"}}, {"model": "bboard.rubric", "pk": 2, "fields": {"name": "Транспорт"}}, {"model": "bboard.rubric", "pk": 3, "fields": {"name": "Бытовая техника"}}, {"model": "bboard.rubric", "pk": 4, "fields": {"name": "Сельхозтехника"}}, {"model": "bboard.rubric", "pk": 5, "fields": {"name": "Мебель"}}, {"model": "bboard.rubric", "pk": 6, "fields": {"name": "Сантехника"}}, {"model": "bboard.rubric", "pk": 7, "fields": {"name": "Растения"}}, {"model": "bboard.bb", "pk": 1, "fields": {"rubric": 1, "title": "Дача", "kind": "s", "_content_rendered": "Общество &quot;Двухэтажники&quot;. Два этажа, кирпич, свет, газ, канализация", "content": "Общество \"Двухэтажники\". Два этажа, кирпич, свет, газ, канализация", "price": 500000.0, "published": "2023-05-17T11:32:35.417Z", "archive": ""}}, {"model": "bboard.bb", "pk": 2, "fields": {"rubric": 1, "title": "Дом", "kind": "s", "_content_rendered": "Трехэтажный, кирпич", "content": "Трехэтажный, кирпич", "price": 25000000.0, "published": "2023-05-17T11:32:35.551Z", "archive": ""}}, {"model": "bboard.bb", "pk": 3, "fields": {"rubric": 2, "title": "Бобёр ездовой", "kind": "s", "_content_rendered": "Ехать не может, может бежать", "content": "Ехать не может, может бежать", "price": 50250.0, "published": "2023-05-17T11:32:35.551Z", "archive": ""}}, {"model": "bboard.bb", "pk": 5, "fields": {"rubric": 2, "title": "Хомяк бегущий", "kind": "s", "_content_rendered": "НУ пусть бежит", "content": "НУ пусть бежит", "price": 250.0, "published": "2023-05-17T11:32:35.567Z", "archive": ""}}, {"model": "bboard.bb", "pk": 6, "fields": {"rubric": 5, "title": "Диван", "kind": "s", "_content_rendered": "Продавленный", "content": "Продавленный", "price": 100.0, "published": "2023-05-24T09:37:05.263Z", "archive": ""}}, {"model": "bboard.bb", "pk": 7, "fields": {"rubric": 6, "title": "раковина", "kind": "s", "_content_rendered": "сильно битая", "content": "сильно битая", "price": 49.5, "published": "2023-05-24T09:40:20.073Z", "archive": ""}}, {"model": "bboard.bb", "pk": 8, "fields": {"rubric": 4, "title": "Мотыга", "kind": "s", "_content_rendered": "ржавая", "content": "ржавая", "price": 49.5, "published": "2023-05-24T09:45:39.752Z", "archive": ""}}, {"model": "bboard.bb", "pk": 9, "fields": {"rubric": 4, "title": "Лопата", "kind": "s", "_content_rendered": "Почти новая", "content": "Почти новая", "price": 500.0, "published": "2023-05-24T09:50:32.028Z", "archive": ""}}, {"model": "bboard.bb", "pk": 10, "fields": {"rubric": 3, "title": "Пылесос", "kind": "s", "_content_rendered": "Хороший, машина", "content": "Хороший, машина", "price": 500.0, "published": "2023-05-24T11:28:57.497Z", "archive": ""}}, {"model": "bboard.bb", "pk": 11, "fields": {"rubric": 3, "title": "Стиральная машина", "kind": "s", "_content_rendered": "Автоматическая", "content": "Автоматическая", "price": 500.0, "published": "2023-05-24T11:28:57.497Z", "archive": ""}}, {"model": "bboard.bb", "pk": 12, "fields": {"rubric": 7, "title": "Какой-то товар", "kind": "s", "_content_rendered": "Что-то продам дорого", "content": "Что-то продам дорого", "price": 100000000000000.0, "published": "2023-06-12T09:53:21.420Z", "archive": ""}}, {"model": "bboard.bb", "pk": 13, "fields": {"rubric": 7, "title": "Ну, товар, короче", "kind": "s", "_content_rendered": "Ещё один", "content": "Ещё один", "price": 100000555555.0, "published": "2023-06-12T10:09:33.450Z", "archive": ""}}, {"model": "bboard.bb", "pk": 14, "fields": {"rubric": 3, "title": "Кухонный комбайн", "kind": "s", "_content_rendered": "Мощный", "content": "Мощный", "price": 20000.0, "published": "2023-07-19T10:04:01.114Z", "archive": ""}}, {"model": "bboard.bb", "pk": 15, "fields": {"rubric": 7, "title": "lkgj", "kind": "s", "_content_rendered": "gjghjgh", "content": "gjghjgh", "price": 6.0, "published": "2023-08-08T08:13:28.716Z", "archive": ""}}, {"model": "bboard.bb", "pk": 16, "fields": {"rubric": 7, "title": "Семена конопли (Тканевой)", "kind": "s", "_content_rendered": "", "content": "", "price": 3000.0, "published": "2023-08-11T08:41:45.194Z", "archive": ""}}, {"model": "bboard.bb", "pk": 17, "fields": {"rubric": 7, "title": "Кое что", "kind": "s", "_content_rendered": "Из кое-какого Чу", "content": "Из кое-какого Чу", "price": 100000.0, "published": "2023-08-16T09:38:10.434Z", "archive": ""}}, {"model": "bboard.bb", "pk": 18, "fields": {"rubric": 4, "title": "лалка", "kind": "s", "_content_rendered": "хамка", "content": "хамка", "price": 1.0, "published": "2023-08-16T09:49:30.322Z", "archive": ""}}, {"model": "bboard.bb", "pk": 19, "fields": {"rubric": 1, "title": "Прошлогодний снег 2022", "kind": "s", "_content_rendered": "ОЧень снег", "content": "ОЧень снег", "price": 11.0, "published": "2023-08-16T09:55:50.911Z", "archive": ""}}, {"model": "bboard.bb", "pk": 20, "fields": {"rubric": 3, "title": "Дети 2 шт", "kind": "s", "_content_rendered": "Достали, заберите", "content": "Достали, заберите", "price": 0.0, "published": "2023-08-16T10:03:53.377Z", "archive": ""}}, {"model": "bboard.bb", "pk": 21, "fields": {"rubric": 4, "title": "Ребенок 1 шт", "kind": "s", "_content_rendered": "Один остался, тех продали", "content": "Один остался, тех продали", "price": 1.0, "published": "2023-08-16T10:05:17.808Z", "archive": ""}}, {"model": "bboard.bb", "pk": 22, "fields": {"rubric": 2, "title": "Мотоцикл", "kind": "s", "_content_rendered": "Красненький", "content": "Красненький", "price": 800000.0, "published": "2023-08-21T11:10:49.638Z", "archive": ""}}, {"model": "bboard.bb", "pk": 23, "fields": {"rubric": 6, "title": "Тест Каптчи", "kind": "s", "_content_rendered": "ну мы же тестируем", "content": "ну мы же тестируем", "price": 1.0, "published": "2023-09-04T10:53:06.366Z", "archive": ""}}, {"model": "bboard.bb", "pk": 24, "fields": {"rubric": 6, "title": "Тестируем капчу", "kind": "s", "_content_rendered": "тест, есть же", "content": "тест, есть же", "price": 2.0, "published": "2023-09-04T10:56:58.907Z", "archive": ""}}, {"model": "bboard.icecreamkiosk", "pk": 1, "fields": {"name": "На набережной"}}, {"model": "bboard.icecream", "pk": 1, "fields": {"kiosk": null, "title": "Пломбир", "content": "Сливочный 500гр", "price": 1000.0, "published": "2023-08-19T14:21:58.032Z", "compound": "Натуральные сливки, сахар", "quantity": 20}}, {"model": "bboard.icecream", "pk": 2, "fields": {"kiosk": null, "title": "", "content": null, "price": null, "published": "2023-08-24T10:54:24.812Z", "compound": "Секрет фирмы", "quantity": 0}}, {"model": "testapp.advuser", "pk": 1, "fields": {"is_activated": true, "user": 1}}, {"model": "testapp.spare", "pk": 1, "fields": {"name": "Болт"}}, {"model": "testapp.spare", "pk": 2, "fields": {"name": "Гайка"}}, {"model": "testapp.spare", "pk": 3, "fields": {"name": "Шайба"}}, {"model": "testapp.spare", "pk": 4, "fields": {"name": "Шпилька"}}, {"model": "testapp.machine", "pk": 1, "fields": {"name": "Самозвал"}}, {"model": "testapp.machine", "pk": 2, "fields": {"name": "Теплозавоз"}}, {"model": "testapp.kit", "pk": 1, "fields": {"machine": 1, "spare": 1, "count": 5}}, {"model": "testapp.kit", "pk": 2, "fields": {"machine": 1, "spare": 2, "count": 100}}, {"model": "testapp.kit", "pk": 4, "fields": {"machine": 2, "spare": 1, "count": 49}}, {"model": "testapp.kit", "pk": 5, "fields": {"machine": 2, "spare": 3, "count": 49}}, {"model": "testapp.hospital", "pk": 1, "fields": {"name": "Damumed"}}, {"model": "testapp.hospital", "pk": 2, "fields": {"name": "Atamed"}}, {"model": "testapp.doctor", "pk": 1, "fields": {"first_name": "Den", "past_name": "Doich", "full_name": "<django.db.models.fields.CharField> <django.db.models.fields.CharField>"}}, {"model": "testapp.doctor", "pk": 2, "fields": {"first_name": "Freddy", "past_name": "Cerwin", "full_name": "<django.db.models.fields.CharField> <django.db.models.fields.CharField>"}}, {"model": "testapp.work", "pk": 1, "fields": {"hospital": 1, "doctor": 1}}, {"model": "testapp.work", "pk": 2, "fields": {"hospital": 1, "doctor": 2}}, {"model": "testapp.work", "pk": 3, "fields": {"hospital": 2, "doctor": 2}}, {"model": "testapp.work", "pk": 4, "fields": {"hospital": 2, "doctor": 1}}, {"model": "testapp.img", "pk": 1, "fields": {"img": "94132137-7d4fc100-fe7c-11ea-8512-69f90cb65e481694690459.3357111695032865.945131.gif", "desc": "Гомер бежит"}}, {"model": "authapp.myuser", "pk": 1, "fields": {"name": "VlaDDoS", "password": "gena"}}, {"model": "authapp.myuser", "pk": 2, "fields": {"name": "Транспорт", "password": "trans"}}, {"model": "authapp.myuser", "pk": 3, "fields": {"name": "Недвижимость", "password": "nedv"}}]