[{"model": "admin.logentry", "pk": 1, "fields": {"action_time": "2023-08-08T04:24:04.246Z", "user": 1, "content_type": null, "object_id": "1", "object_repr": "VlaDDoS", "action_flag": 1, "change_message": "[{\"added\": {}}]"}}, {"model": "admin.logentry", "pk": 2, "fields": {"action_time": "2023-08-08T04:24:15.588Z", "user": 1, "content_type": null, "object_id": "2", "object_repr": "Транспорт", "action_flag": 1, "change_message": "[{\"added\": {}}]"}}, {"model": "admin.logentry", "pk": 3, "fields": {"action_time": "2023-08-08T04:24:23.224Z", "user": 1, "content_type": null, "object_id": "3", "object_repr": "Недвижимость", "action_flag": 1, "change_message": "[{\"added\": {}}]"}}, {"model": "admin.logentry", "pk": 4, "fields": {"action_time": "2023-08-11T08:41:45.201Z", "user": 1, "content_type": null, "object_id": "16", "object_repr": "Объявление: Семена конопли (Тканевой)", "action_flag": 1, "change_message": "[{\"added\": {}}]"}}, {"model": "admin.logentry", "pk": 5, "fields": {"action_time": "2023-08-23T11:27:24.757Z", "user": 1, "content_type": null, "object_id": "2", "object_repr": "Genadyi@", "action_flag": 2, "change_message": "[{\"changed\": {\"fields\": [\"password\"]}}]"}}, {"model": "admin.logentry", "pk": 6, "fields": {"action_time": "2023-08-24T11:36:40.089Z", "user": 1, "content_type": null, "object_id": "1", "object_repr": "Управление пользователями", "action_flag": 1, "change_message": "[{\"added\": {}}]"}}, {"model": "admin.logentry", "pk": 7, "fields": {"action_time": "2023-08-24T11:37:29.034Z", "user": 1, "content_type": null, "object_id": "1", "object_repr": "admin", "action_flag": 2, "change_message": "[{\"changed\": {\"fields\": [\"First name\", \"Last name\", \"Groups\"]}}]"}}, {"model": "auth.group", "pk": 1, "fields": {"name": "Управление пользователями", "permissions": []}}, {"model": "auth.user", "pk": 1, "fields": {"password": "pbkdf2_sha256$600000$HtxIV1iYhRaq1XhpMDV89X$p38K7N/TzA5KTHLswcMgFGOg/YYawQqE4dxk1YyMq8E=", "last_login": "2023-09-04T10:51:52.449Z", "is_superuser": true, "username": "admin", "first_name": "Vlad", "last_name": "Che", "email": "vlad1010che@gmail.com", "is_staff": true, "is_active": true, "date_joined": "2023-05-17T11:32:35Z", "groups": [1], "user_permissions": []}}, {"model": "auth.user", "pk": 2, "fields": {"password": "pbkdf2_sha256$600000$YiXlZ538qbwhxLElfOmMLj$xI9GSyeZH5NGSnxc0Jilo8D5Xs8b1y1hy2If+QysqCI=", "last_login": "2023-08-23T11:27:44.849Z", "is_superuser": false, "username": "Genadyi@", "first_name": "Gena", "last_name": "Gennadyi", "email": "gena3@gama.lych", "is_staff": false, "is_active": true, "date_joined": "2023-08-16T11:11:16.939Z", "groups": [], "user_permissions": []}}, {"model": "sessions.session", "pk": "awewejhjf121bstmlvnnu5lgbgtsrapr", "fields": {"session_data": ".eJxVjMsOwiAQRf-FtSEMj-K4dN9vIDADUjU0Ke3K-O_apAvd3nPOfYkQt7WGreclTCwuAsTpd0uRHrntgO-x3WZJc1uXKcldkQftcpw5P6-H-3dQY6_fmqJVHgYG57wqbBKDKkXrgglYZwvGIKVszwkHbZXzrAHRWpMjkiIS7w_YyTeT:1qd7BQ:rQZ8fu6Ga1eOJWCJqgEzPwUHqhtiYziY4WakqOpDBzM", "expire_date": "2023-09-18T10:51:52.491Z"}}, {"model": "sessions.session", "pk": "o80yn4yszrnvxuutem0juozmufkon1tj", "fields": {"session_data": ".eJxVjDsOwjAQBe_iGlnY8W8p6XMGa-1d4wBypDipEHeHSCmgfTPzXiLitta4dV7iROIilDj9bgnzg9sO6I7tNss8t3WZktwVedAux5n4eT3cv4OKvX7rROQVJlcSaDCegwrAeCbQXlMgDYVJDwUMWDLBJofIeshMRRnrMov3B_08OK8:1qTE7O:w2rPfyk_a09PXbttBGZv22B15eBXyIa7Jys8ggI8QZ8", "expire_date": "2023-08-22T04:14:50.385Z"}}, {"model": "sessions.session", "pk": "tvfjyaraunop3v77fbshmi62nf2ri9f9", "fields": {"session_data": ".eJxVjDsOwjAQBe_iGlnY8W8p6XMGa-1d4wBypDipEHeHSCmgfTPzXiLitta4dV7iROIilDj9bgnzg9sO6I7tNss8t3WZktwVedAux5n4eT3cv4OKvX7rROQVJlcSaDCegwrAeCbQXlMgDYVJDwUMWDLBJofIeshMRRnrMov3B_08OK8:1qYkzG:mG23SrBo-oJ8kpABaiKbW7jIp949iBuYg2_oEeUdZjY", "expire_date": "2023-09-06T10:21:18.199Z"}}, {"model": "sessions.session", "pk": "ydv3f29xirn16i8hnqmov4hc4r9itmgw", "fields": {"session_data": ".eJxVjDsOwjAQBe_iGlnY8W8p6XMGa-1d4wBypDipEHeHSCmgfTPzXiLitta4dV7iROIilDj9bgnzg9sO6I7tNss8t3WZktwVedAux5n4eT3cv4OKvX7rROQVJlcSaDCegwrAeCbQXlMgDYVJDwUMWDLBJofIeshMRRnrMov3B_08OK8:1qBvdw:YjIxUOY1gG8mQzRexci9T42VUR2nqwlgUBwAsKNw3TA", "expire_date": "2023-07-05T11:04:56.319Z"}}, {"model": "sessions.session", "pk": "za1g3bkpb67r6kgp4cokwl0sdmep3pdq", "fields": {"session_data": ".eJxVjDsOwjAQBe_iGlnY8W8p6XMGa-1d4wBypDipEHeHSCmgfTPzXiLitta4dV7iROIilDj9bgnzg9sO6I7tNss8t3WZktwVedAux5n4eT3cv4OKvX7rROQVJlcSaDCegwrAeCbQXlMgDYVJDwUMWDLBJofIeshMRRnrMov3B_08OK8:1qGzLt:W8-z6ONcP57q2GnT3_p34Ly4DtOWmoGuMGVY4hAk_PM", "expire_date": "2023-07-19T10:03:13.520Z"}}, {"model": "captcha.captchastore", "pk": 2, "fields": {"challenge": "IQQU", "response": "iqqu", "hashkey": "069d5211872ea04d06293ff06b632e2fb16b3ce5", "expiration": "2023-09-04T10:58:30.876Z"}}, {"model": "captcha.captchastore", "pk": 4, "fields": {"challenge": "MJAM", "response": "mjam", "hashkey": "1b5fcb6c53aa1adbf6e55276e03a06c8b46ae0fc", "expiration": "2023-09-04T11:02:06.865Z"}}, {"model": "captcha.captchastore", "pk": 5, "fields": {"challenge": "ÈÙÉÖ", "response": "èùéö", "hashkey": "de06da80e77dc6f5f14d1e9fc9265920ea686e52", "expiration": "2023-09-04T11:04:57.348Z"}}, {"model": "captcha.captchastore", "pk": 6, "fields": {"challenge": "3+6=", "response": "9", "hashkey": "74b52b80dde155ff8652e6a65ef379424bfd53e6", "expiration": "2023-09-04T11:12:41.686Z"}}, {"model": "captcha.captchastore", "pk": 7, "fields": {"challenge": "1+8=", "response": "9", "hashkey": "08034bed8ca5c55d7d6b7ded465f13481ed16f24", "expiration": "2023-09-04T11:14:22.454Z"}}, {"model": "captcha.captchastore", "pk": 8, "fields": {"challenge": "6+3=", "response": "9", "hashkey": "5463ffaefbb3ad2d64deb9625d0e9df832378741", "expiration": "2023-09-04T11:16:52.634Z"}}, {"model": "bboard.rubric", "pk": 1, "fields": {"name": "Недвижимость"}}, {"model": "bboard.rubric", "pk": 2, "fields": {"name": "Транспорт"}}, {"model": "bboard.rubric", "pk": 3, "fields": {"name": "Бытовая техника"}}, {"model": "bboard.rubric", "pk": 4, "fields": {"name": "Сельхозтехника"}}, {"model": "bboard.rubric", "pk": 5, "fields": {"name": "Мебель"}}, {"model": "bboard.rubric", "pk": 6, "fields": {"name": "Сантехника"}}, {"model": "bboard.rubric", "pk": 7, "fields": {"name": "Растения"}}, {"model": "bboard.bb", "pk": 1, "fields": {"rubric": 1, "title": "Дача", "kind": "s", "content": "Общество \"Двухэтажники\". Два этажа, кирпич, свет, газ, канализация", "price": 500000.0, "published": "2023-05-17T11:32:35.417Z"}}, {"model": "bboard.bb", "pk": 2, "fields": {"rubric": 1, "title": "Дом", "kind": "s", "content": "Трехэтажный, кирпич", "price": 25000000.0, "published": "2023-05-17T11:32:35.551Z"}}, {"model": "bboard.bb", "pk": 3, "fields": {"rubric": 2, "title": "Бобёр ездовой", "kind": "s", "content": "Ехать не может, может бежать", "price": 50250.0, "published": "2023-05-17T11:32:35.551Z"}}, {"model": "bboard.bb", "pk": 5, "fields": {"rubric": 2, "title": "Хомяк бегущий", "kind": "s", "content": "НУ пусть бежит", "price": 250.0, "published": "2023-05-17T11:32:35.567Z"}}, {"model": "bboard.bb", "pk": 6, "fields": {"rubric": 5, "title": "Диван", "kind": "s", "content": "Продавленный", "price": 100.0, "published": "2023-05-24T09:37:05.263Z"}}, {"model": "bboard.bb", "pk": 7, "fields": {"rubric": 6, "title": "раковина", "kind": "s", "content": "сильно битая", "price": 49.5, "published": "2023-05-24T09:40:20.073Z"}}, {"model": "bboard.bb", "pk": 8, "fields": {"rubric": 4, "title": "Мотыга", "kind": "s", "content": "ржавая", "price": 49.5, "published": "2023-05-24T09:45:39.752Z"}}, {"model": "bboard.bb", "pk": 9, "fields": {"rubric": 4, "title": "Лопата", "kind": "s", "content": "Почти новая", "price": 500.0, "published": "2023-05-24T09:50:32.028Z"}}, {"model": "bboard.bb", "pk": 10, "fields": {"rubric": 3, "title": "Пылесос", "kind": "s", "content": "Хороший, машина", "price": 500.0, "published": "2023-05-24T11:28:57.497Z"}}, {"model": "bboard.bb", "pk": 11, "fields": {"rubric": 3, "title": "Стиральная машина", "kind": "s", "content": "Автоматическая", "price": 500.0, "published": "2023-05-24T11:28:57.497Z"}}, {"model": "bboard.bb", "pk": 12, "fields": {"rubric": 7, "title": "Какой-то товар", "kind": "s", "content": "Что-то продам дорого", "price": 100000000000000.0, "published": "2023-06-12T09:53:21.420Z"}}, {"model": "bboard.bb", "pk": 13, "fields": {"rubric": 7, "title": "Ну, товар, короче", "kind": "s", "content": "Ещё один", "price": 100000555555.0, "published": "2023-06-12T10:09:33.450Z"}}, {"model": "bboard.bb", "pk": 14, "fields": {"rubric": 3, "title": "Кухонный комбайн", "kind": "s", "content": "Мощный", "price": 20000.0, "published": "2023-07-19T10:04:01.114Z"}}, {"model": "bboard.bb", "pk": 15, "fields": {"rubric": 7, "title": "lkgj", "kind": "s", "content": "gjghjgh", "price": 6.0, "published": "2023-08-08T08:13:28.716Z"}}, {"model": "bboard.bb", "pk": 16, "fields": {"rubric": 7, "title": "Семена конопли (Тканевой)", "kind": "s", "content": "", "price": 3000.0, "published": "2023-08-11T08:41:45.194Z"}}, {"model": "bboard.bb", "pk": 17, "fields": {"rubric": 7, "title": "Кое что", "kind": "s", "content": "Из кое-какого Чу", "price": 100000.0, "published": "2023-08-16T09:38:10.434Z"}}, {"model": "bboard.bb", "pk": 18, "fields": {"rubric": 4, "title": "лалка", "kind": "s", "content": "хамка", "price": 1.0, "published": "2023-08-16T09:49:30.322Z"}}, {"model": "bboard.bb", "pk": 19, "fields": {"rubric": 1, "title": "Прошлогодний снег 2022", "kind": "s", "content": "ОЧень снег", "price": 11.0, "published": "2023-08-16T09:55:50.911Z"}}, {"model": "bboard.bb", "pk": 20, "fields": {"rubric": 3, "title": "Дети 2 шт", "kind": "s", "content": "Достали, заберите", "price": 0.0, "published": "2023-08-16T10:03:53.377Z"}}, {"model": "bboard.bb", "pk": 21, "fields": {"rubric": 4, "title": "Ребенок 1 шт", "kind": "s", "content": "Один остался, тех продали", "price": 1.0, "published": "2023-08-16T10:05:17.808Z"}}, {"model": "bboard.bb", "pk": 22, "fields": {"rubric": 2, "title": "Мотоцикл", "kind": "s", "content": "Красненький", "price": 800000.0, "published": "2023-08-21T11:10:49.638Z"}}, {"model": "bboard.bb", "pk": 23, "fields": {"rubric": 6, "title": "Тест Каптчи", "kind": "s", "content": "ну мы же тестируем", "price": 1.0, "published": "2023-09-04T10:53:06.366Z"}}, {"model": "bboard.bb", "pk": 24, "fields": {"rubric": 6, "title": "Тестируем капчу", "kind": "s", "content": "тест, есть же", "price": 2.0, "published": "2023-09-04T10:56:58.907Z"}}, {"model": "bboard.icecreamkiosk", "pk": 1, "fields": {"name": "На набережной"}}, {"model": "bboard.icecream", "pk": 1, "fields": {"kiosk": null, "title": "Пломбир", "content": "Сливочный 500гр", "price": 1000.0, "published": "2023-08-19T14:21:58.032Z", "compound": "Натуральные сливки, сахар", "quantity": 20}}, {"model": "bboard.icecream", "pk": 2, "fields": {"kiosk": null, "title": "", "content": null, "price": null, "published": "2023-08-24T10:54:24.812Z", "compound": "Секрет фирмы", "quantity": 0}}, {"model": "testapp.advuser", "pk": 1, "fields": {"is_activated": true, "user": 1}}, {"model": "testapp.spare", "pk": 1, "fields": {"name": "Болт"}}, {"model": "testapp.spare", "pk": 2, "fields": {"name": "Гайка"}}, {"model": "testapp.spare", "pk": 3, "fields": {"name": "Шайба"}}, {"model": "testapp.spare", "pk": 4, "fields": {"name": "Шпилька"}}, {"model": "testapp.machine", "pk": 1, "fields": {"name": "Самозвал"}}, {"model": "testapp.machine", "pk": 2, "fields": {"name": "Теплозавоз"}}, {"model": "testapp.kit", "pk": 1, "fields": {"machine": 1, "spare": 1, "count": 5}}, {"model": "testapp.kit", "pk": 2, "fields": {"machine": 1, "spare": 2, "count": 100}}, {"model": "testapp.kit", "pk": 4, "fields": {"machine": 2, "spare": 1, "count": 49}}, {"model": "testapp.kit", "pk": 5, "fields": {"machine": 2, "spare": 3, "count": 49}}, {"model": "testapp.hospital", "pk": 1, "fields": {"name": "Damumed"}}, {"model": "testapp.hospital", "pk": 2, "fields": {"name": "Atamed"}}, {"model": "testapp.doctor", "pk": 1, "fields": {"first_name": "Den", "past_name": "Doich", "full_name": "<django.db.models.fields.CharField> <django.db.models.fields.CharField>"}}, {"model": "testapp.doctor", "pk": 2, "fields": {"first_name": "Freddy", "past_name": "Cerwin", "full_name": "<django.db.models.fields.CharField> <django.db.models.fields.CharField>"}}, {"model": "testapp.work", "pk": 1, "fields": {"hospital": 1, "doctor": 1}}, {"model": "testapp.work", "pk": 2, "fields": {"hospital": 1, "doctor": 2}}, {"model": "testapp.work", "pk": 3, "fields": {"hospital": 2, "doctor": 2}}, {"model": "testapp.work", "pk": 4, "fields": {"hospital": 2, "doctor": 1}}, {"model": "authapp.myuser", "pk": 1, "fields": {"name": "VlaDDoS", "password": "gena"}}, {"model": "authapp.myuser", "pk": 2, "fields": {"name": "Транспорт", "password": "trans"}}, {"model": "authapp.myuser", "pk": 3, "fields": {"name": "Недвижимость", "password": "nedv"}}]