[{"model": "admin.logentry", "pk": 1, "fields": {"action_time": "2023-08-08T04:24:04.246Z", "user": 1, "content_type": null, "object_id": "1", "object_repr": "VlaDDoS", "action_flag": 1, "change_message": "[{\"added\": {}}]"}}, {"model": "admin.logentry", "pk": 2, "fields": {"action_time": "2023-08-08T04:24:15.588Z", "user": 1, "content_type": null, "object_id": "2", "object_repr": "Транспорт", "action_flag": 1, "change_message": "[{\"added\": {}}]"}}, {"model": "admin.logentry", "pk": 3, "fields": {"action_time": "2023-08-08T04:24:23.224Z", "user": 1, "content_type": null, "object_id": "3", "object_repr": "Недвижимость", "action_flag": 1, "change_message": "[{\"added\": {}}]"}}, {"model": "admin.logentry", "pk": 4, "fields": {"action_time": "2023-08-11T08:41:45.201Z", "user": 1, "content_type": null, "object_id": "16", "object_repr": "Объявление: Семена конопли (Тканевой)", "action_flag": 1, "change_message": "[{\"added\": {}}]"}}, {"model": "admin.logentry", "pk": 5, "fields": {"action_time": "2023-08-23T11:27:24.757Z", "user": 1, "content_type": null, "object_id": "2", "object_repr": "Genadyi@", "action_flag": 2, "change_message": "[{\"changed\": {\"fields\": [\"password\"]}}]"}}, {"model": "admin.logentry", "pk": 6, "fields": {"action_time": "2023-08-24T11:36:40.089Z", "user": 1, "content_type": null, "object_id": "1", "object_repr": "Управление пользователями", "action_flag": 1, "change_message": "[{\"added\": {}}]"}}, {"model": "admin.logentry", "pk": 7, "fields": {"action_time": "2023-08-24T11:37:29.034Z", "user": 1, "content_type": null, "object_id": "1", "object_repr": "admin", "action_flag": 2, "change_message": "[{\"changed\": {\"fields\": [\"First name\", \"Last name\", \"Groups\"]}}]"}}, {"model": "auth.group", "pk": 1, "fields": {"name": "Управление пользователями", "permissions": []}}, {"model": "auth.user", "pk": 1, "fields": {"password": "pbkdf2_sha256$600000$HtxIV1iYhRaq1XhpMDV89X$p38K7N/TzA5KTHLswcMgFGOg/YYawQqE4dxk1YyMq8E=", "last_login": "2023-09-04T10:51:52.449Z", "is_superuser": true, "username": "admin", "first_name": "Vlad", "last_name": "Che", "email": "vlad1010che@gmail.com", "is_staff": true, "is_active": true, "date_joined": "2023-05-17T11:32:35Z", "groups": [1], "user_permissions": []}}, {"model": "auth.user", "pk": 2, "fields": {"password": "pbkdf2_sha256$600000$YiXlZ538qbwhxLElfOmMLj$xI9GSyeZH5NGSnxc0Jilo8D5Xs8b1y1hy2If+QysqCI=", "last_login": "2023-08-23T11:27:44.849Z", "is_superuser": false, "username": "Genadyi@", "first_name": "Gena", "last_name": "Gennadyi", "email": "gena3@gama.lych", "is_staff": false, "is_active": true, "date_joined": "2023-08-16T11:11:16.939Z", "groups": [], "user_permissions": []}}, {"model": "sessions.session", "pk": "awewejhjf121bstmlvnnu5lgbgtsrapr", "fields": {"session_data": ".eJxVjMsOwiAQRf-FtSEMj-K4dN9vIDADUjU0Ke3K-O_apAvd3nPOfYkQt7WGreclTCwuAsTpd0uRHrntgO-x3WZJc1uXKcldkQftcpw5P6-H-3dQY6_fmqJVHgYG57wqbBKDKkXrgglYZwvGIKVszwkHbZXzrAHRWpMjkiIS7w_YyTeT:1qd7BQ:rQZ8fu6Ga1eOJWCJqgEzPwUHqhtiYziY4WakqOpDBzM", "expire_date": "2023-09-18T10:51:52.491Z"}}, {"model": "sessions.session", "pk": "o80yn4yszrnvxuutem0juozmufkon1tj", "fields": {"session_data": ".eJxVjDsOwjAQBe_iGlnY8W8p6XMGa-1d4wBypDipEHeHSCmgfTPzXiLitta4dV7iROIilDj9bgnzg9sO6I7tNss8t3WZktwVedAux5n4eT3cv4OKvX7rROQVJlcSaDCegwrAeCbQXlMgDYVJDwUMWDLBJofIeshMRRnrMov3B_08OK8:1qTE7O:w2rPfyk_a09PXbttBGZv22B15eBXyIa7Jys8ggI8QZ8", "expire_date": "2023-08-22T04:14:50.385Z"}}, {"model": "sessions.session", "pk": "tvfjyaraunop3v77fbshmi62nf2ri9f9", "fields": {"session_data": ".eJxVjDsOwjAQBe_iGlnY8W8p6XMGa-1d4wBypDipEHeHSCmgfTPzXiLitta4dV7iROIilDj9bgnzg9sO6I7tNss8t3WZktwVedAux5n4eT3cv4OKvX7rROQVJlcSaDCegwrAeCbQXlMgDYVJDwUMWDLBJofIeshMRRnrMov3B_08OK8:1qYkzG:mG23SrBo-oJ8kpABaiKbW7jIp949iBuYg2_oEeUdZjY", "expire_date": "2023-09-06T10:21:18.199Z"}}, {"model": "sessions.session", "pk": "ul6fg93baf5zm80q1cvg409pu6a0fmo6", "fields": {"session_data": ".eJxVjMsOwiAQRf-FtSEMj-K4dN9vIDADUjU0Ke3K-O_apAvd3nPOfYkQt7WGreclTCwuAsTpd0uRHrntgO-x3WZJc1uXKcldkQftcpw5P6-H-3dQY6_fmqJVHgYG57wqbBKDKkXrgglYZwvGIKVszwkHbZXzrAHRWpMjkiIS7w_YyTeT:1qdr2r:jCgdo_xioJobW1V09FXoDxxt0ybi47IKbCtls_JGUSk", "expire_date": "2023-09-20T11:50:05.308Z"}}, {"model": "sessions.session", "pk": "ydv3f29xirn16i8hnqmov4hc4r9itmgw", "fields": {"session_data": ".eJxVjDsOwjAQBe_iGlnY8W8p6XMGa-1d4wBypDipEHeHSCmgfTPzXiLitta4dV7iROIilDj9bgnzg9sO6I7tNss8t3WZktwVedAux5n4eT3cv4OKvX7rROQVJlcSaDCegwrAeCbQXlMgDYVJDwUMWDLBJofIeshMRRnrMov3B_08OK8:1qBvdw:YjIxUOY1gG8mQzRexci9T42VUR2nqwlgUBwAsKNw3TA", "expire_date": "2023-07-05T11:04:56.319Z"}}, {"model": "sessions.session", "pk": "za1g3bkpb67r6kgp4cokwl0sdmep3pdq", "fields": {"session_data": ".eJxVjDsOwjAQBe_iGlnY8W8p6XMGa-1d4wBypDipEHeHSCmgfTPzXiLitta4dV7iROIilDj9bgnzg9sO6I7tNss8t3WZktwVedAux5n4eT3cv4OKvX7rROQVJlcSaDCegwrAeCbQXlMgDYVJDwUMWDLBJofIeshMRRnrMov3B_08OK8:1qGzLt:W8-z6ONcP57q2GnT3_p34Ly4DtOWmoGuMGVY4hAk_PM", "expire_date": "2023-07-19T10:03:13.520Z"}}, {"model": "captcha.captchastore", "pk": 2, "fields": {"challenge": "IQQU", "response": "iqqu", "hashkey": "069d5211872ea04d06293ff06b632e2fb16b3ce5", "expiration": "2023-09-04T10:58:30.876Z"}}, {"model": "captcha.captchastore", "pk": 4, "fields": {"challenge": "MJAM", "response": "mjam", "hashkey": "1b5fcb6c53aa1adbf6e55276e03a06c8b46ae0fc", "expiration": "2023-09-04T11:02:06.865Z"}}, {"model": "captcha.captchastore", "pk": 5, "fields": {"challenge": "ÈÙÉÖ", "response": "èùéö", "hashkey": "de06da80e77dc6f5f14d1e9fc9265920ea686e52", "expiration": "2023-09-04T11:04:57.348Z"}}, {"model": "captcha.captchastore", "pk": 6, "fields": {"challenge": "3+6=", "response": "9", "hashkey": "74b52b80dde155ff8652e6a65ef379424bfd53e6", "expiration": "2023-09-04T11:12:41.686Z"}}, {"model": "captcha.captchastore", "pk": 7, "fields": {"challenge": "1+8=", "response": "9", "hashkey": "08034bed8ca5c55d7d6b7ded465f13481ed16f24", "expiration": "2023-09-04T11:14:22.454Z"}}, {"model": "captcha.captchastore", "pk": 8, "fields": {"challenge": "6+3=", "response": "9", "hashkey": "5463ffaefbb3ad2d64deb9625d0e9df832378741", "expiration": "2023-09-04T11:16:52.634Z"}}, {"model": "captcha.captchastore", "pk": 9, "fields": {"challenge": "4-1=", "response": "3", "hashkey": "1d21d4d219b1982c1983ce76f0e62266b6c983ea", "expiration": "2023-09-11T09:54:55.819Z"}}, {"model": "captcha.captchastore", "pk": 10, "fields": {"challenge": "5*9=", "response": "45", "hashkey": "c21a95c9166b3f9913d4e1e1aad5bd540718fbc1", "expiration": "2023-09-11T10:01:12.792Z"}}, {"model": "captcha.captchastore", "pk": 11, "fields": {"challenge": "2+9=", "response": "11", "hashkey": "882f2ac2237850d6bf5afee31ad6d4196f0a7704", "expiration": "2023-09-11T10:04:14.310Z"}}, {"model": "captcha.captchastore", "pk": 12, "fields": {"challenge": "6*2=", "response": "12", "hashkey": "9fc3a2b5acaab0e07fdb3a52f1e715e9ead706af", "expiration": "2023-09-11T10:05:43.479Z"}}, {"model": "captcha.captchastore", "pk": 13, "fields": {"challenge": "6*3=", "response": "18", "hashkey": "5ed141da240ab469272cca19244d2a1fcf7b7eda", "expiration": "2023-09-11T10:05:49.518Z"}}, {"model": "captcha.captchastore", "pk": 14, "fields": {"challenge": "1+4=", "response": "5", "hashkey": "0ec72e7980ca83acf7e91d67357d92f9ef4311c1", "expiration": "2023-09-11T10:05:55.561Z"}}, {"model": "captcha.captchastore", "pk": 15, "fields": {"challenge": "9*8=", "response": "72", "hashkey": "14734efaed7daa02f0a1be5c22bf9b42f0fc0448", "expiration": "2023-09-11T10:07:03.644Z"}}, {"model": "captcha.captchastore", "pk": 16, "fields": {"challenge": "6*5=", "response": "30", "hashkey": "2e01e4ea1d5c7017709b2671f4314112f94d5be0", "expiration": "2023-09-11T10:08:06.802Z"}}, {"model": "captcha.captchastore", "pk": 17, "fields": {"challenge": "9*10=", "response": "90", "hashkey": "845ea6932a0f09aa65b2cf3b2481080b5854b230", "expiration": "2023-09-11T10:21:45.556Z"}}, {"model": "captcha.captchastore", "pk": 18, "fields": {"challenge": "8-7=", "response": "1", "hashkey": "4a65cc75b7ba9eb103fdc324f2908d3a7aedcfbd", "expiration": "2023-09-18T10:39:36.205Z"}}, {"model": "bboard.rubric", "pk": 1, "fields": {"name": "Недвижимость"}}, {"model": "bboard.rubric", "pk": 2, "fields": {"name": "Транспорт"}}, {"model": "bboard.rubric", "pk": 3, "fields": {"name": "Бытовая техника"}}, {"model": "bboard.rubric", "pk": 4, "fields": {"name": "Сельхозтехника"}}, {"model": "bboard.rubric", "pk": 5, "fields": {"name": "Мебель"}}, {"model": "bboard.rubric", "pk": 6, "fields": {"name": "Сантехника"}}, {"model": "bboard.rubric", "pk": 7, "fields": {"name": "Растения"}}, {"model": "bboard.bb", "pk": 1, "fields": {"rubric": 1, "title": "Дача", "kind": "s", "_content_rendered": "Общество &quot;Двухэтажники&quot;. Два этажа, кирпич, свет, газ, канализация", "content": "Общество \"Двухэтажники\". Два этажа, кирпич, свет, газ, канализация", "price": 500000.0, "published": "2023-05-17T11:32:35.417Z", "archive": ""}}, {"model": "bboard.bb", "pk": 2, "fields": {"rubric": 1, "title": "Дом", "kind": "s", "_content_rendered": "Трехэтажный, кирпич", "content": "Трехэтажный, кирпич", "price": 25000000.0, "published": "2023-05-17T11:32:35.551Z", "archive": ""}}, {"model": "bboard.bb", "pk": 3, "fields": {"rubric": 2, "title": "Бобёр ездовой", "kind": "s", "_content_rendered": "Ехать не может, может бежать", "content": "Ехать не может, может бежать", "price": 50250.0, "published": "2023-05-17T11:32:35.551Z", "archive": ""}}, {"model": "bboard.bb", "pk": 5, "fields": {"rubric": 2, "title": "Хомяк бегущий", "kind": "s", "_content_rendered": "НУ пусть бежит", "content": "НУ пусть бежит", "price": 250.0, "published": "2023-05-17T11:32:35.567Z", "archive": ""}}, {"model": "bboard.bb", "pk": 6, "fields": {"rubric": 5, "title": "Диван", "kind": "s", "_content_rendered": "Продавленный", "content": "Продавленный", "price": 100.0, "published": "2023-05-24T09:37:05.263Z", "archive": ""}}, {"model": "bboard.bb", "pk": 7, "fields": {"rubric": 6, "title": "раковина", "kind": "s", "_content_rendered": "сильно битая", "content": "сильно битая", "price": 49.5, "published": "2023-05-24T09:40:20.073Z", "archive": ""}}, {"model": "bboard.bb", "pk": 8, "fields": {"rubric": 4, "title": "Мотыга", "kind": "s", "_content_rendered": "ржавая", "content": "ржавая", "price": 49.5, "published": "2023-05-24T09:45:39.752Z", "archive": ""}}, {"model": "bboard.bb", "pk": 9, "fields": {"rubric": 4, "title": "Лопата", "kind": "s", "_content_rendered": "Почти новая", "content": "Почти новая", "price": 500.0, "published": "2023-05-24T09:50:32.028Z", "archive": ""}}, {"model": "bboard.bb", "pk": 10, "fields": {"rubric": 3, "title": "Пылесос", "kind": "s", "_content_rendered": "Хороший, машина", "content": "Хороший, машина", "price": 500.0, "published": "2023-05-24T11:28:57.497Z", "archive": ""}}, {"model": "bboard.bb", "pk": 11, "fields": {"rubric": 3, "title": "Стиральная машина", "kind": "s", "_content_rendered": "Автоматическая", "content": "Автоматическая", "price": 500.0, "published": "2023-05-24T11:28:57.497Z", "archive": ""}}, {"model": "bboard.bb", "pk": 12, "fields": {"rubric": 7, "title": "Какой-то товар", "kind": "s", "_content_rendered": "Что-то продам дорого", "content": "Что-то продам дорого", "price": 100000000000000.0, "published": "2023-06-12T09:53:21.420Z", "archive": ""}}, {"model": "bboard.bb", "pk": 13, "fields": {"rubric": 7, "title": "Ну, товар, короче", "kind": "s", "_content_rendered": "Ещё один", "content": "Ещё один", "price": 100000555555.0, "published": "2023-06-12T10:09:33.450Z", "archive": ""}}, {"model": "bboard.bb", "pk": 14, "fields": {"rubric": 3, "title": "Кухонный комбайн", "kind": "s", "_content_rendered": "Мощный", "content": "Мощный", "price": 20000.0, "published": "2023-07-19T10:04:01.114Z", "archive": ""}}, {"model": "bboard.bb", "pk": 15, "fields": {"rubric": 7, "title": "lkgj", "kind": "s", "_content_rendered": "gjghjgh", "content": "gjghjgh", "price": 6.0, "published": "2023-08-08T08:13:28.716Z", "archive": ""}}, {"model": "bboard.bb", "pk": 16, "fields": {"rubric": 7, "title": "Семена конопли (Тканевой)", "kind": "s", "_content_rendered": "", "content": "", "price": 3000.0, "published": "2023-08-11T08:41:45.194Z", "archive": ""}}, {"model": "bboard.bb", "pk": 17, "fields": {"rubric": 7, "title": "Кое что", "kind": "s", "_content_rendered": "Из кое-какого Чу", "content": "Из кое-какого Чу", "price": 100000.0, "published": "2023-08-16T09:38:10.434Z", "archive": ""}}, {"model": "bboard.bb", "pk": 18, "fields": {"rubric": 4, "title": "лалка", "kind": "s", "_content_rendered": "хамка", "content": "хамка", "price": 1.0, "published": "2023-08-16T09:49:30.322Z", "archive": ""}}, {"model": "bboard.bb", "pk": 19, "fields": {"rubric": 1, "title": "Прошлогодний снег 2022", "kind": "s", "_content_rendered": "ОЧень снег", "content": "ОЧень снег", "price": 11.0, "published": "2023-08-16T09:55:50.911Z", "archive": ""}}, {"model": "bboard.bb", "pk": 20, "fields": {"rubric": 3, "title": "Дети 2 шт", "kind": "s", "_content_rendered": "Достали, заберите", "content": "Достали, заберите", "price": 0.0, "published": "2023-08-16T10:03:53.377Z", "archive": ""}}, {"model": "bboard.bb", "pk": 21, "fields": {"rubric": 4, "title": "Ребенок 1 шт", "kind": "s", "_content_rendered": "Один остался, тех продали", "content": "Один остался, тех продали", "price": 1.0, "published": "2023-08-16T10:05:17.808Z", "archive": ""}}, {"model": "bboard.bb", "pk": 22, "fields": {"rubric": 2, "title": "Мотоцикл", "kind": "s", "_content_rendered": "Красненький", "content": "Красненький", "price": 800000.0, "published": "2023-08-21T11:10:49.638Z", "archive": ""}}, {"model": "bboard.bb", "pk": 23, "fields": {"rubric": 6, "title": "Тест Каптчи", "kind": "s", "_content_rendered": "ну мы же тестируем", "content": "ну мы же тестируем", "price": 1.0, "published": "2023-09-04T10:53:06.366Z", "archive": ""}}, {"model": "bboard.bb", "pk": 24, "fields": {"rubric": 6, "title": "Тестируем капчу", "kind": "s", "_content_rendered": "тест, есть же", "content": "тест, есть же", "price": 2.0, "published": "2023-09-04T10:56:58.907Z", "archive": ""}}, {"model": "bboard.icecreamkiosk", "pk": 1, "fields": {"name": "На набережной"}}, {"model": "bboard.icecream", "pk": 1, "fields": {"kiosk": null, "title": "Пломбир", "content": "Сливочный 500гр", "price": 1000.0, "published": "2023-08-19T14:21:58.032Z", "compound": "Натуральные сливки, сахар", "quantity": 20}}, {"model": "bboard.icecream", "pk": 2, "fields": {"kiosk": null, "title": "", "content": null, "price": null, "published": "2023-08-24T10:54:24.812Z", "compound": "Секрет фирмы", "quantity": 0}}, {"model": "testapp.advuser", "pk": 1, "fields": {"is_activated": true, "user": 1}}, {"model": "testapp.spare", "pk": 1, "fields": {"name": "Болт"}}, {"model": "testapp.spare", "pk": 2, "fields": {"name": "Гайка"}}, {"model": "testapp.spare", "pk": 3, "fields": {"name": "Шайба"}}, {"model": "testapp.spare", "pk": 4, "fields": {"name": "Шпилька"}}, {"model": "testapp.machine", "pk": 1, "fields": {"name": "Самозвал"}}, {"model": "testapp.machine", "pk": 2, "fields": {"name": "Теплозавоз"}}, {"model": "testapp.kit", "pk": 1, "fields": {"machine": 1, "spare": 1, "count": 5}}, {"model": "testapp.kit", "pk": 2, "fields": {"machine": 1, "spare": 2, "count": 100}}, {"model": "testapp.kit", "pk": 4, "fields": {"machine": 2, "spare": 1, "count": 49}}, {"model": "testapp.kit", "pk": 5, "fields": {"machine": 2, "spare": 3, "count": 49}}, {"model": "testapp.hospital", "pk": 1, "fields": {"name": "Damumed"}}, {"model": "testapp.hospital", "pk": 2, "fields": {"name": "Atamed"}}, {"model": "testapp.doctor", "pk": 1, "fields": {"first_name": "Den", "past_name": "Doich", "full_name": "<django.db.models.fields.CharField> <django.db.models.fields.CharField>"}}, {"model": "testapp.doctor", "pk": 2, "fields": {"first_name": "Freddy", "past_name": "Cerwin", "full_name": "<django.db.models.fields.CharField> <django.db.models.fields.CharField>"}}, {"model": "testapp.work", "pk": 1, "fields": {"hospital": 1, "doctor": 1}}, {"model": "testapp.work", "pk": 2, "fields": {"hospital": 1, "doctor": 2}}, {"model": "testapp.work", "pk": 3, "fields": {"hospital": 2, "doctor": 2}}, {"model": "testapp.work", "pk": 4, "fields": {"hospital": 2, "doctor": 1}}, {"model": "testapp.img", "pk": 1, "fields": {"img": "94132137-7d4fc100-fe7c-11ea-8512-69f90cb65e481694690459.3357111695032865.945131.gif", "desc": "Гомер бежит"}}, {"model": "authapp.myuser", "pk": 1, "fields": {"name": "VlaDDoS", "password": "gena"}}, {"model": "authapp.myuser", "pk": 2, "fields": {"name": "Транспорт", "password": "trans"}}, {"model": "authapp.myuser", "pk": 3, "fields": {"name": "Недвижимость", "password": "nedv"}}]